,season,round,circuit_id,lat,long,country,date,url
0,2000,1,albert_park,-37.8497,144.968,Australia,2000-03-12,http://en.wikipedia.org/wiki/2000_Australian_Grand_Prix
1,2000,2,interlagos,-23.7036,-46.6997,Brazil,2000-03-26,http://en.wikipedia.org/wiki/2000_Brazilian_Grand_Prix
2,2000,3,imola,44.3439,11.7167,Italy,2000-04-09,http://en.wikipedia.org/wiki/2000_San_Marino_Grand_Prix
3,2000,4,silverstone,52.0786,-1.01694,UK,2000-04-23,http://en.wikipedia.org/wiki/2000_British_Grand_Prix
4,2000,5,catalunya,41.57,2.26111,Spain,2000-05-07,http://en.wikipedia.org/wiki/2000_Spanish_Grand_Prix
5,2000,6,nurburgring,50.3356,6.9475,Germany,2000-05-21,http://en.wikipedia.org/wiki/2000_European_Grand_Prix
6,2000,7,monaco,43.7347,7.42056,Monaco,2000-06-04,http://en.wikipedia.org/wiki/2000_Monaco_Grand_Prix
7,2000,8,villeneuve,45.5,-73.5228,Canada,2000-06-18,http://en.wikipedia.org/wiki/2000_Canadian_Grand_Prix
8,2000,9,magny_cours,46.8642,3.16361,France,2000-07-02,http://en.wikipedia.org/wiki/2000_French_Grand_Prix
9,2000,10,osterreichring,47.2197,14.7647,Austria,2000-07-16,http://en.wikipedia.org/wiki/2000_Austrian_Grand_Prix
10,2000,11,hockenheimring,49.3278,8.56583,Germany,2000-07-30,http://en.wikipedia.org/wiki/2000_German_Grand_Prix
11,2000,12,hungaroring,47.5789,19.2486,Hungary,2000-08-13,http://en.wikipedia.org/wiki/2000_Hungarian_Grand_Prix
12,2000,13,spa,50.4372,5.97139,Belgium,2000-08-27,http://en.wikipedia.org/wiki/2000_Belgian_Grand_Prix
13,2000,14,monza,45.6156,9.28111,Italy,2000-09-10,http://en.wikipedia.org/wiki/2000_Italian_Grand_Prix
14,2000,15,indianapolis,39.795,-86.2347,USA,2000-09-24,http://en.wikipedia.org/wiki/2000_United_States_Grand_Prix
15,2000,16,suzuka,34.8431,136.541,Japan,2000-10-08,http://en.wikipedia.org/wiki/2000_Japanese_Grand_Prix
16,2000,17,sepang,2.76083,101.738,Malaysia,2000-10-22,http://en.wikipedia.org/wiki/2000_Malaysian_Grand_Prix
17,2001,1,albert_park,-37.8497,144.968,Australia,2001-03-04,http://en.wikipedia.org/wiki/2001_Australian_Grand_Prix
18,2001,2,sepang,2.76083,101.738,Malaysia,2001-03-18,http://en.wikipedia.org/wiki/2001_Malaysian_Grand_Prix
19,2001,3,interlagos,-23.7036,-46.6997,Brazil,2001-04-01,http://en.wikipedia.org/wiki/2001_Brazilian_Grand_Prix
20,2001,4,imola,44.3439,11.7167,Italy,2001-04-15,http://en.wikipedia.org/wiki/2001_San_Marino_Grand_Prix
21,2001,5,catalunya,41.57,2.26111,Spain,2001-04-29,http://en.wikipedia.org/wiki/2001_Spanish_Grand_Prix
22,2001,6,osterreichring,47.2197,14.7647,Austria,2001-05-13,http://en.wikipedia.org/wiki/2001_Austrian_Grand_Prix
23,2001,7,monaco,43.7347,7.42056,Monaco,2001-05-27,http://en.wikipedia.org/wiki/2001_Monaco_Grand_Prix
24,2001,8,villeneuve,45.5,-73.5228,Canada,2001-06-10,http://en.wikipedia.org/wiki/2001_Canadian_Grand_Prix
25,2001,9,nurburgring,50.3356,6.9475,Germany,2001-06-24,http://en.wikipedia.org/wiki/2001_European_Grand_Prix
26,2001,10,magny_cours,46.8642,3.16361,France,2001-07-01,http://en.wikipedia.org/wiki/2001_French_Grand_Prix
27,2001,11,silverstone,52.0786,-1.01694,UK,2001-07-15,http://en.wikipedia.org/wiki/2001_British_Grand_Prix
28,2001,12,hockenheimring,49.3278,8.56583,Germany,2001-07-29,http://en.wikipedia.org/wiki/2001_German_Grand_Prix
29,2001,13,hungaroring,47.5789,19.2486,Hungary,2001-08-19,http://en.wikipedia.org/wiki/2001_Hungarian_Grand_Prix
30,2001,14,spa,50.4372,5.97139,Belgium,2001-09-02,http://en.wikipedia.org/wiki/2001_Belgian_Grand_Prix
31,2001,15,monza,45.6156,9.28111,Italy,2001-09-16,http://en.wikipedia.org/wiki/2001_Italian_Grand_Prix
32,2001,16,indianapolis,39.795,-86.2347,USA,2001-09-30,http://en.wikipedia.org/wiki/2001_United_States_Grand_Prix
33,2001,17,suzuka,34.8431,136.541,Japan,2001-10-14,http://en.wikipedia.org/wiki/2001_Japanese_Grand_Prix
34,2002,1,albert_park,-37.8497,144.968,Australia,2002-03-03,http://en.wikipedia.org/wiki/2002_Australian_Grand_Prix
35,2002,2,sepang,2.76083,101.738,Malaysia,2002-03-17,http://en.wikipedia.org/wiki/2002_Malaysian_Grand_Prix
36,2002,3,interlagos,-23.7036,-46.6997,Brazil,2002-03-31,http://en.wikipedia.org/wiki/2002_Brazilian_Grand_Prix
37,2002,4,imola,44.3439,11.7167,Italy,2002-04-14,http://en.wikipedia.org/wiki/2002_San_Marino_Grand_Prix
38,2002,5,catalunya,41.57,2.26111,Spain,2002-04-28,http://en.wikipedia.org/wiki/2002_Spanish_Grand_Prix
39,2002,6,osterreichring,47.2197,14.7647,Austria,2002-05-12,http://en.wikipedia.org/wiki/2002_Austrian_Grand_Prix
40,2002,7,monaco,43.7347,7.42056,Monaco,2002-05-26,http://en.wikipedia.org/wiki/2002_Monaco_Grand_Prix
41,2002,8,villeneuve,45.5,-73.5228,Canada,2002-06-09,http://en.wikipedia.org/wiki/2002_Canadian_Grand_Prix
42,2002,9,nurburgring,50.3356,6.9475,Germany,2002-06-23,http://en.wikipedia.org/wiki/2002_European_Grand_Prix
43,2002,10,silverstone,52.0786,-1.01694,UK,2002-07-07,http://en.wikipedia.org/wiki/2002_British_Grand_Prix
44,2002,11,magny_cours,46.8642,3.16361,France,2002-07-21,http://en.wikipedia.org/wiki/2002_French_Grand_Prix
45,2002,12,hockenheimring,49.3278,8.56583,Germany,2002-07-28,http://en.wikipedia.org/wiki/2002_German_Grand_Prix
46,2002,13,hungaroring,47.5789,19.2486,Hungary,2002-08-18,http://en.wikipedia.org/wiki/2002_Hungarian_Grand_Prix
47,2002,14,spa,50.4372,5.97139,Belgium,2002-09-01,http://en.wikipedia.org/wiki/2002_Belgian_Grand_Prix
48,2002,15,monza,45.6156,9.28111,Italy,2002-09-15,http://en.wikipedia.org/wiki/2002_Italian_Grand_Prix
49,2002,16,indianapolis,39.795,-86.2347,USA,2002-09-29,http://en.wikipedia.org/wiki/2002_United_States_Grand_Prix
50,2002,17,suzuka,34.8431,136.541,Japan,2002-10-13,http://en.wikipedia.org/wiki/2002_Japanese_Grand_Prix
51,2003,1,albert_park,-37.8497,144.968,Australia,2003-03-09,http://en.wikipedia.org/wiki/2003_Australian_Grand_Prix
52,2003,2,sepang,2.76083,101.738,Malaysia,2003-03-23,http://en.wikipedia.org/wiki/2003_Malaysian_Grand_Prix
53,2003,3,interlagos,-23.7036,-46.6997,Brazil,2003-04-06,http://en.wikipedia.org/wiki/2003_Brazilian_Grand_Prix
54,2003,4,imola,44.3439,11.7167,Italy,2003-04-20,http://en.wikipedia.org/wiki/2003_San_Marino_Grand_Prix
55,2003,5,catalunya,41.57,2.26111,Spain,2003-05-04,http://en.wikipedia.org/wiki/2003_Spanish_Grand_Prix
56,2003,6,osterreichring,47.2197,14.7647,Austria,2003-05-18,http://en.wikipedia.org/wiki/2003_Austrian_Grand_Prix
57,2003,7,monaco,43.7347,7.42056,Monaco,2003-06-01,http://en.wikipedia.org/wiki/2003_Monaco_Grand_Prix
58,2003,8,villeneuve,45.5,-73.5228,Canada,2003-06-15,http://en.wikipedia.org/wiki/2003_Canadian_Grand_Prix
59,2003,9,nurburgring,50.3356,6.9475,Germany,2003-06-29,http://en.wikipedia.org/wiki/2003_European_Grand_Prix
60,2003,10,magny_cours,46.8642,3.16361,France,2003-07-06,http://en.wikipedia.org/wiki/2003_French_Grand_Prix
61,2003,11,silverstone,52.0786,-1.01694,UK,2003-07-20,http://en.wikipedia.org/wiki/2003_British_Grand_Prix
62,2003,12,hockenheimring,49.3278,8.56583,Germany,2003-08-03,http://en.wikipedia.org/wiki/2003_German_Grand_Prix
63,2003,13,hungaroring,47.5789,19.2486,Hungary,2003-08-24,http://en.wikipedia.org/wiki/2003_Hungarian_Grand_Prix
64,2003,14,monza,45.6156,9.28111,Italy,2003-09-14,http://en.wikipedia.org/wiki/2003_Italian_Grand_Prix
65,2003,15,indianapolis,39.795,-86.2347,USA,2003-09-28,http://en.wikipedia.org/wiki/2003_United_States_Grand_Prix
66,2003,16,suzuka,34.8431,136.541,Japan,2003-10-12,http://en.wikipedia.org/wiki/2003_Japanese_Grand_Prix
67,2004,1,albert_park,-37.8497,144.968,Australia,2004-03-07,http://en.wikipedia.org/wiki/2004_Australian_Grand_Prix
68,2004,2,sepang,2.76083,101.738,Malaysia,2004-03-21,http://en.wikipedia.org/wiki/2004_Malaysian_Grand_Prix
69,2004,3,bahrain,26.0325,50.5106,Bahrain,2004-04-04,http://en.wikipedia.org/wiki/2004_Bahrain_Grand_Prix
70,2004,4,imola,44.3439,11.7167,Italy,2004-04-25,http://en.wikipedia.org/wiki/2004_San_Marino_Grand_Prix
71,2004,5,catalunya,41.57,2.26111,Spain,2004-05-09,http://en.wikipedia.org/wiki/2004_Spanish_Grand_Prix
72,2004,6,monaco,43.7347,7.42056,Monaco,2004-05-23,http://en.wikipedia.org/wiki/2004_Monaco_Grand_Prix
73,2004,7,nurburgring,50.3356,6.9475,Germany,2004-05-30,http://en.wikipedia.org/wiki/2004_European_Grand_Prix
74,2004,8,villeneuve,45.5,-73.5228,Canada,2004-06-13,http://en.wikipedia.org/wiki/2004_Canadian_Grand_Prix
75,2004,9,indianapolis,39.795,-86.2347,USA,2004-06-20,http://en.wikipedia.org/wiki/2004_United_States_Grand_Prix
76,2004,10,magny_cours,46.8642,3.16361,France,2004-07-04,http://en.wikipedia.org/wiki/2004_French_Grand_Prix
77,2004,11,silverstone,52.0786,-1.01694,UK,2004-07-11,http://en.wikipedia.org/wiki/2004_British_Grand_Prix
78,2004,12,hockenheimring,49.3278,8.56583,Germany,2004-07-25,http://en.wikipedia.org/wiki/2004_German_Grand_Prix
79,2004,13,hungaroring,47.5789,19.2486,Hungary,2004-08-15,http://en.wikipedia.org/wiki/2004_Hungarian_Grand_Prix
80,2004,14,spa,50.4372,5.97139,Belgium,2004-08-29,http://en.wikipedia.org/wiki/2004_Belgian_Grand_Prix
81,2004,15,monza,45.6156,9.28111,Italy,2004-09-12,http://en.wikipedia.org/wiki/2004_Italian_Grand_Prix
82,2004,16,shanghai,31.3389,121.22,China,2004-09-26,http://en.wikipedia.org/wiki/2004_Chinese_Grand_Prix
83,2004,17,suzuka,34.8431,136.541,Japan,2004-10-10,http://en.wikipedia.org/wiki/2004_Japanese_Grand_Prix
84,2004,18,interlagos,-23.7036,-46.6997,Brazil,2004-10-24,http://en.wikipedia.org/wiki/2004_Brazilian_Grand_Prix
85,2005,1,albert_park,-37.8497,144.968,Australia,2005-03-06,http://en.wikipedia.org/wiki/2005_Australian_Grand_Prix
86,2005,2,sepang,2.76083,101.738,Malaysia,2005-03-20,http://en.wikipedia.org/wiki/2005_Malaysian_Grand_Prix
87,2005,3,bahrain,26.0325,50.5106,Bahrain,2005-04-03,http://en.wikipedia.org/wiki/2005_Bahrain_Grand_Prix
88,2005,4,imola,44.3439,11.7167,Italy,2005-04-24,http://en.wikipedia.org/wiki/2005_San_Marino_Grand_Prix
89,2005,5,catalunya,41.57,2.26111,Spain,2005-05-08,http://en.wikipedia.org/wiki/2005_Spanish_Grand_Prix
90,2005,6,monaco,43.7347,7.42056,Monaco,2005-05-22,http://en.wikipedia.org/wiki/2005_Monaco_Grand_Prix
91,2005,7,nurburgring,50.3356,6.9475,Germany,2005-05-29,http://en.wikipedia.org/wiki/2005_European_Grand_Prix
92,2005,8,villeneuve,45.5,-73.5228,Canada,2005-06-12,http://en.wikipedia.org/wiki/2005_Canadian_Grand_Prix
93,2005,9,indianapolis,39.795,-86.2347,USA,2005-06-19,http://en.wikipedia.org/wiki/2005_United_States_Grand_Prix
94,2005,10,magny_cours,46.8642,3.16361,France,2005-07-03,http://en.wikipedia.org/wiki/2005_French_Grand_Prix
95,2005,11,silverstone,52.0786,-1.01694,UK,2005-07-10,http://en.wikipedia.org/wiki/2005_British_Grand_Prix
96,2005,12,hockenheimring,49.3278,8.56583,Germany,2005-07-24,http://en.wikipedia.org/wiki/2005_German_Grand_Prix
97,2005,13,hungaroring,47.5789,19.2486,Hungary,2005-07-31,http://en.wikipedia.org/wiki/2005_Hungarian_Grand_Prix
98,2005,14,istanbul,40.9517,29.405,Turkey,2005-08-21,http://en.wikipedia.org/wiki/2005_Turkish_Grand_Prix
99,2005,15,monza,45.6156,9.28111,Italy,2005-09-04,http://en.wikipedia.org/wiki/2005_Italian_Grand_Prix
100,2005,16,spa,50.4372,5.97139,Belgium,2005-09-11,http://en.wikipedia.org/wiki/2005_Belgian_Grand_Prix
101,2005,17,interlagos,-23.7036,-46.6997,Brazil,2005-09-25,http://en.wikipedia.org/wiki/2005_Brazilian_Grand_Prix
102,2005,18,suzuka,34.8431,136.541,Japan,2005-10-09,http://en.wikipedia.org/wiki/2005_Japanese_Grand_Prix
103,2005,19,shanghai,31.3389,121.22,China,2005-10-16,http://en.wikipedia.org/wiki/2005_Chinese_Grand_Prix
104,2006,1,bahrain,26.0325,50.5106,Bahrain,2006-03-12,http://en.wikipedia.org/wiki/2006_Bahrain_Grand_Prix
105,2006,2,sepang,2.76083,101.738,Malaysia,2006-03-19,http://en.wikipedia.org/wiki/2006_Malaysian_Grand_Prix
106,2006,3,albert_park,-37.8497,144.968,Australia,2006-04-02,http://en.wikipedia.org/wiki/2006_Australian_Grand_Prix
107,2006,4,imola,44.3439,11.7167,Italy,2006-04-23,http://en.wikipedia.org/wiki/2006_San_Marino_Grand_Prix
108,2006,5,nurburgring,50.3356,6.9475,Germany,2006-05-07,http://en.wikipedia.org/wiki/2006_European_Grand_Prix
109,2006,6,catalunya,41.57,2.26111,Spain,2006-05-14,http://en.wikipedia.org/wiki/2006_Spanish_Grand_Prix
110,2006,7,monaco,43.7347,7.42056,Monaco,2006-05-28,http://en.wikipedia.org/wiki/2006_Monaco_Grand_Prix
111,2006,8,silverstone,52.0786,-1.01694,UK,2006-06-11,http://en.wikipedia.org/wiki/2006_British_Grand_Prix
112,2006,9,villeneuve,45.5,-73.5228,Canada,2006-06-25,http://en.wikipedia.org/wiki/2006_Canadian_Grand_Prix
113,2006,10,indianapolis,39.795,-86.2347,USA,2006-07-02,http://en.wikipedia.org/wiki/2006_United_States_Grand_Prix
114,2006,11,magny_cours,46.8642,3.16361,France,2006-07-16,http://en.wikipedia.org/wiki/2006_French_Grand_Prix
115,2006,12,hockenheimring,49.3278,8.56583,Germany,2006-07-30,http://en.wikipedia.org/wiki/2006_German_Grand_Prix
116,2006,13,hungaroring,47.5789,19.2486,Hungary,2006-08-06,http://en.wikipedia.org/wiki/2006_Hungarian_Grand_Prix
117,2006,14,istanbul,40.9517,29.405,Turkey,2006-08-27,http://en.wikipedia.org/wiki/2006_Turkish_Grand_Prix
118,2006,15,monza,45.6156,9.28111,Italy,2006-09-10,http://en.wikipedia.org/wiki/2006_Italian_Grand_Prix
119,2006,16,shanghai,31.3389,121.22,China,2006-10-01,http://en.wikipedia.org/wiki/2006_Chinese_Grand_Prix
120,2006,17,suzuka,34.8431,136.541,Japan,2006-10-08,http://en.wikipedia.org/wiki/2006_Japanese_Grand_Prix
121,2006,18,interlagos,-23.7036,-46.6997,Brazil,2006-10-22,http://en.wikipedia.org/wiki/2006_Brazilian_Grand_Prix
122,2007,1,albert_park,-37.8497,144.968,Australia,2007-03-18,http://en.wikipedia.org/wiki/2007_Australian_Grand_Prix
123,2007,2,sepang,2.76083,101.738,Malaysia,2007-04-08,http://en.wikipedia.org/wiki/2007_Malaysian_Grand_Prix
124,2007,3,bahrain,26.0325,50.5106,Bahrain,2007-04-15,http://en.wikipedia.org/wiki/2007_Bahrain_Grand_Prix
125,2007,4,catalunya,41.57,2.26111,Spain,2007-05-13,http://en.wikipedia.org/wiki/2007_Spanish_Grand_Prix
126,2007,5,monaco,43.7347,7.42056,Monaco,2007-05-27,http://en.wikipedia.org/wiki/2007_Monaco_Grand_Prix
127,2007,6,villeneuve,45.5,-73.5228,Canada,2007-06-10,http://en.wikipedia.org/wiki/2007_Canadian_Grand_Prix
128,2007,7,indianapolis,39.795,-86.2347,USA,2007-06-17,http://en.wikipedia.org/wiki/2007_United_States_Grand_Prix
129,2007,8,magny_cours,46.8642,3.16361,France,2007-07-01,http://en.wikipedia.org/wiki/2007_French_Grand_Prix
130,2007,9,silverstone,52.0786,-1.01694,UK,2007-07-08,http://en.wikipedia.org/wiki/2007_British_Grand_Prix
131,2007,10,nurburgring,50.3356,6.9475,Germany,2007-07-22,http://en.wikipedia.org/wiki/2007_European_Grand_Prix
132,2007,11,hungaroring,47.5789,19.2486,Hungary,2007-08-05,http://en.wikipedia.org/wiki/2007_Hungarian_Grand_Prix
133,2007,12,istanbul,40.9517,29.405,Turkey,2007-08-26,http://en.wikipedia.org/wiki/2007_Turkish_Grand_Prix
134,2007,13,monza,45.6156,9.28111,Italy,2007-09-09,http://en.wikipedia.org/wiki/2007_Italian_Grand_Prix
135,2007,14,spa,50.4372,5.97139,Belgium,2007-09-16,http://en.wikipedia.org/wiki/2007_Belgian_Grand_Prix
136,2007,15,fuji,35.3717,138.927,Japan,2007-09-30,http://en.wikipedia.org/wiki/2007_Japanese_Grand_Prix
137,2007,16,shanghai,31.3389,121.22,China,2007-10-07,http://en.wikipedia.org/wiki/2007_Chinese_Grand_Prix
138,2007,17,interlagos,-23.7036,-46.6997,Brazil,2007-10-21,http://en.wikipedia.org/wiki/2007_Brazilian_Grand_Prix
139,2008,1,albert_park,-37.8497,144.968,Australia,2008-03-16,http://en.wikipedia.org/wiki/2008_Australian_Grand_Prix
140,2008,2,sepang,2.76083,101.738,Malaysia,2008-03-23,http://en.wikipedia.org/wiki/2008_Malaysian_Grand_Prix
141,2008,3,bahrain,26.0325,50.5106,Bahrain,2008-04-06,http://en.wikipedia.org/wiki/2008_Bahrain_Grand_Prix
142,2008,4,catalunya,41.57,2.26111,Spain,2008-04-27,http://en.wikipedia.org/wiki/2008_Spanish_Grand_Prix
143,2008,5,istanbul,40.9517,29.405,Turkey,2008-05-11,http://en.wikipedia.org/wiki/2008_Turkish_Grand_Prix
144,2008,6,monaco,43.7347,7.42056,Monaco,2008-05-25,http://en.wikipedia.org/wiki/2008_Monaco_Grand_Prix
145,2008,7,villeneuve,45.5,-73.5228,Canada,2008-06-08,http://en.wikipedia.org/wiki/2008_Canadian_Grand_Prix
146,2008,8,magny_cours,46.8642,3.16361,France,2008-06-22,http://en.wikipedia.org/wiki/2008_French_Grand_Prix
147,2008,9,silverstone,52.0786,-1.01694,UK,2008-07-06,http://en.wikipedia.org/wiki/2008_British_Grand_Prix
148,2008,10,hockenheimring,49.3278,8.56583,Germany,2008-07-20,http://en.wikipedia.org/wiki/2008_German_Grand_Prix
149,2008,11,hungaroring,47.5789,19.2486,Hungary,2008-08-03,http://en.wikipedia.org/wiki/2008_Hungarian_Grand_Prix
150,2008,12,valencia,39.4589,-0.331667,Spain,2008-08-24,http://en.wikipedia.org/wiki/2008_European_Grand_Prix
151,2008,13,spa,50.4372,5.97139,Belgium,2008-09-07,http://en.wikipedia.org/wiki/2008_Belgian_Grand_Prix
152,2008,14,monza,45.6156,9.28111,Italy,2008-09-14,http://en.wikipedia.org/wiki/2008_Italian_Grand_Prix
153,2008,15,marina_bay,1.2914,103.864,Singapore,2008-09-28,http://en.wikipedia.org/wiki/2008_Singapore_Grand_Prix
154,2008,16,fuji,35.3717,138.927,Japan,2008-10-12,http://en.wikipedia.org/wiki/2008_Japanese_Grand_Prix
155,2008,17,shanghai,31.3389,121.22,China,2008-10-19,http://en.wikipedia.org/wiki/2008_Chinese_Grand_Prix
156,2008,18,interlagos,-23.7036,-46.6997,Brazil,2008-11-02,http://en.wikipedia.org/wiki/2008_Brazilian_Grand_Prix
157,2009,1,albert_park,-37.8497,144.968,Australia,2009-03-29,http://en.wikipedia.org/wiki/2009_Australian_Grand_Prix
158,2009,2,sepang,2.76083,101.738,Malaysia,2009-04-05,http://en.wikipedia.org/wiki/2009_Malaysian_Grand_Prix
159,2009,3,shanghai,31.3389,121.22,China,2009-04-19,http://en.wikipedia.org/wiki/2009_Chinese_Grand_Prix
160,2009,4,bahrain,26.0325,50.5106,Bahrain,2009-04-26,http://en.wikipedia.org/wiki/2009_Bahrain_Grand_Prix
161,2009,5,catalunya,41.57,2.26111,Spain,2009-05-10,http://en.wikipedia.org/wiki/2009_Spanish_Grand_Prix
162,2009,6,monaco,43.7347,7.42056,Monaco,2009-05-24,http://en.wikipedia.org/wiki/2009_Monaco_Grand_Prix
163,2009,7,istanbul,40.9517,29.405,Turkey,2009-06-07,http://en.wikipedia.org/wiki/2009_Turkish_Grand_Prix
164,2009,8,silverstone,52.0786,-1.01694,UK,2009-06-21,http://en.wikipedia.org/wiki/2009_British_Grand_Prix
165,2009,9,nurburgring,50.3356,6.9475,Germany,2009-07-12,http://en.wikipedia.org/wiki/2009_German_Grand_Prix
166,2009,10,hungaroring,47.5789,19.2486,Hungary,2009-07-26,http://en.wikipedia.org/wiki/2009_Hungarian_Grand_Prix
167,2009,11,valencia,39.4589,-0.331667,Spain,2009-08-23,http://en.wikipedia.org/wiki/2009_European_Grand_Prix
168,2009,12,spa,50.4372,5.97139,Belgium,2009-08-30,http://en.wikipedia.org/wiki/2009_Belgian_Grand_Prix
169,2009,13,monza,45.6156,9.28111,Italy,2009-09-13,http://en.wikipedia.org/wiki/2009_Italian_Grand_Prix
170,2009,14,marina_bay,1.2914,103.864,Singapore,2009-09-27,http://en.wikipedia.org/wiki/2009_Singapore_Grand_Prix
171,2009,15,suzuka,34.8431,136.541,Japan,2009-10-04,http://en.wikipedia.org/wiki/2009_Japanese_Grand_Prix
172,2009,16,interlagos,-23.7036,-46.6997,Brazil,2009-10-18,http://en.wikipedia.org/wiki/2009_Brazilian_Grand_Prix
173,2009,17,yas_marina,24.4672,54.6031,UAE,2009-11-01,http://en.wikipedia.org/wiki/2009_Abu_Dhabi_Grand_Prix
174,2010,1,bahrain,26.0325,50.5106,Bahrain,2010-03-14,http://en.wikipedia.org/wiki/2010_Bahrain_Grand_Prix
175,2010,2,albert_park,-37.8497,144.968,Australia,2010-03-28,http://en.wikipedia.org/wiki/2010_Australian_Grand_Prix
176,2010,3,sepang,2.76083,101.738,Malaysia,2010-04-04,http://en.wikipedia.org/wiki/2010_Malaysian_Grand_Prix
177,2010,4,shanghai,31.3389,121.22,China,2010-04-18,http://en.wikipedia.org/wiki/2010_Chinese_Grand_Prix
178,2010,5,catalunya,41.57,2.26111,Spain,2010-05-09,http://en.wikipedia.org/wiki/2010_Spanish_Grand_Prix
179,2010,6,monaco,43.7347,7.42056,Monaco,2010-05-16,http://en.wikipedia.org/wiki/2010_Monaco_Grand_Prix
180,2010,7,istanbul,40.9517,29.405,Turkey,2010-05-30,http://en.wikipedia.org/wiki/2010_Turkish_Grand_Prix
181,2010,8,villeneuve,45.5,-73.5228,Canada,2010-06-13,http://en.wikipedia.org/wiki/2010_Canadian_Grand_Prix
182,2010,9,valencia,39.4589,-0.331667,Spain,2010-06-27,http://en.wikipedia.org/wiki/2010_European_Grand_Prix
183,2010,10,silverstone,52.0786,-1.01694,UK,2010-07-11,http://en.wikipedia.org/wiki/2010_British_Grand_Prix
184,2010,11,hockenheimring,49.3278,8.56583,Germany,2010-07-25,http://en.wikipedia.org/wiki/2010_German_Grand_Prix
185,2010,12,hungaroring,47.5789,19.2486,Hungary,2010-08-01,http://en.wikipedia.org/wiki/2010_Hungarian_Grand_Prix
186,2010,13,spa,50.4372,5.97139,Belgium,2010-08-29,http://en.wikipedia.org/wiki/2010_Belgian_Grand_Prix
187,2010,14,monza,45.6156,9.28111,Italy,2010-09-12,http://en.wikipedia.org/wiki/2010_Italian_Grand_Prix
188,2010,15,marina_bay,1.2914,103.864,Singapore,2010-09-26,http://en.wikipedia.org/wiki/2010_Singapore_Grand_Prix
189,2010,16,suzuka,34.8431,136.541,Japan,2010-10-10,http://en.wikipedia.org/wiki/2010_Japanese_Grand_Prix
190,2010,17,yeongam,34.7333,126.417,Korea,2010-10-24,http://en.wikipedia.org/wiki/2010_Korean_Grand_Prix
191,2010,18,interlagos,-23.7036,-46.6997,Brazil,2010-11-07,http://en.wikipedia.org/wiki/2010_Brazilian_Grand_Prix
192,2010,19,yas_marina,24.4672,54.6031,UAE,2010-11-14,http://en.wikipedia.org/wiki/2010_Abu_Dhabi_Grand_Prix
193,2011,1,albert_park,-37.8497,144.968,Australia,2011-03-27,http://en.wikipedia.org/wiki/2011_Australian_Grand_Prix
194,2011,2,sepang,2.76083,101.738,Malaysia,2011-04-10,http://en.wikipedia.org/wiki/2011_Malaysian_Grand_Prix
195,2011,3,shanghai,31.3389,121.22,China,2011-04-17,http://en.wikipedia.org/wiki/2011_Chinese_Grand_Prix
196,2011,4,istanbul,40.9517,29.405,Turkey,2011-05-08,http://en.wikipedia.org/wiki/2011_Turkish_Grand_Prix
197,2011,5,catalunya,41.57,2.26111,Spain,2011-05-22,http://en.wikipedia.org/wiki/2011_Spanish_Grand_Prix
198,2011,6,monaco,43.7347,7.42056,Monaco,2011-05-29,http://en.wikipedia.org/wiki/2011_Monaco_Grand_Prix
199,2011,7,villeneuve,45.5,-73.5228,Canada,2011-06-12,http://en.wikipedia.org/wiki/2011_Canadian_Grand_Prix
200,2011,8,valencia,39.4589,-0.331667,Spain,2011-06-26,http://en.wikipedia.org/wiki/2011_European_Grand_Prix
201,2011,9,silverstone,52.0786,-1.01694,UK,2011-07-10,http://en.wikipedia.org/wiki/2011_British_Grand_Prix
202,2011,10,nurburgring,50.3356,6.9475,Germany,2011-07-24,http://en.wikipedia.org/wiki/2011_German_Grand_Prix
203,2011,11,hungaroring,47.5789,19.2486,Hungary,2011-07-31,http://en.wikipedia.org/wiki/2011_Hungarian_Grand_Prix
204,2011,12,spa,50.4372,5.97139,Belgium,2011-08-28,http://en.wikipedia.org/wiki/2011_Belgian_Grand_Prix
205,2011,13,monza,45.6156,9.28111,Italy,2011-09-11,http://en.wikipedia.org/wiki/2011_Italian_Grand_Prix
206,2011,14,marina_bay,1.2914,103.864,Singapore,2011-09-25,http://en.wikipedia.org/wiki/2011_Singapore_Grand_Prix
207,2011,15,suzuka,34.8431,136.541,Japan,2011-10-09,http://en.wikipedia.org/wiki/2011_Japanese_Grand_Prix
208,2011,16,yeongam,34.7333,126.417,Korea,2011-10-16,http://en.wikipedia.org/wiki/2011_Korean_Grand_Prix
209,2011,17,buddh,28.3487,77.5331,India,2011-10-30,http://en.wikipedia.org/wiki/2011_Indian_Grand_Prix
210,2011,18,yas_marina,24.4672,54.6031,UAE,2011-11-13,http://en.wikipedia.org/wiki/2011_Abu_Dhabi_Grand_Prix
211,2011,19,interlagos,-23.7036,-46.6997,Brazil,2011-11-27,http://en.wikipedia.org/wiki/2011_Brazilian_Grand_Prix
212,2012,1,albert_park,-37.8497,144.968,Australia,2012-03-18,http://en.wikipedia.org/wiki/2012_Australian_Grand_Prix
213,2012,2,sepang,2.76083,101.738,Malaysia,2012-03-25,http://en.wikipedia.org/wiki/2012_Malaysian_Grand_Prix
214,2012,3,shanghai,31.3389,121.22,China,2012-04-15,http://en.wikipedia.org/wiki/2012_Chinese_Grand_Prix
215,2012,4,bahrain,26.0325,50.5106,Bahrain,2012-04-22,http://en.wikipedia.org/wiki/2012_Bahrain_Grand_Prix
216,2012,5,catalunya,41.57,2.26111,Spain,2012-05-13,http://en.wikipedia.org/wiki/2012_Spanish_Grand_Prix
217,2012,6,monaco,43.7347,7.42056,Monaco,2012-05-27,http://en.wikipedia.org/wiki/2012_Monaco_Grand_Prix
218,2012,7,villeneuve,45.5,-73.5228,Canada,2012-06-10,http://en.wikipedia.org/wiki/2012_Canadian_Grand_Prix
219,2012,8,valencia,39.4589,-0.331667,Spain,2012-06-24,http://en.wikipedia.org/wiki/2012_European_Grand_Prix
220,2012,9,silverstone,52.0786,-1.01694,UK,2012-07-08,http://en.wikipedia.org/wiki/2012_British_Grand_Prix
221,2012,10,hockenheimring,49.3278,8.56583,Germany,2012-07-22,http://en.wikipedia.org/wiki/2012_German_Grand_Prix
222,2012,11,hungaroring,47.5789,19.2486,Hungary,2012-07-29,http://en.wikipedia.org/wiki/2012_Hungarian_Grand_Prix
223,2012,12,spa,50.4372,5.97139,Belgium,2012-09-02,http://en.wikipedia.org/wiki/2012_Belgian_Grand_Prix
224,2012,13,monza,45.6156,9.28111,Italy,2012-09-09,http://en.wikipedia.org/wiki/2012_Italian_Grand_Prix
225,2012,14,marina_bay,1.2914,103.864,Singapore,2012-09-23,http://en.wikipedia.org/wiki/2012_Singapore_Grand_Prix
226,2012,15,suzuka,34.8431,136.541,Japan,2012-10-07,http://en.wikipedia.org/wiki/2012_Japanese_Grand_Prix
227,2012,16,yeongam,34.7333,126.417,Korea,2012-10-14,http://en.wikipedia.org/wiki/2012_Korean_Grand_Prix
228,2012,17,buddh,28.3487,77.5331,India,2012-10-28,http://en.wikipedia.org/wiki/2012_Indian_Grand_Prix
229,2012,18,yas_marina,24.4672,54.6031,UAE,2012-11-04,http://en.wikipedia.org/wiki/2012_Abu_Dhabi_Grand_Prix
230,2012,19,americas,30.1328,-97.6411,USA,2012-11-18,http://en.wikipedia.org/wiki/2012_United_States_Grand_Prix
231,2012,20,interlagos,-23.7036,-46.6997,Brazil,2012-11-25,http://en.wikipedia.org/wiki/2012_Brazilian_Grand_Prix
232,2013,1,albert_park,-37.8497,144.968,Australia,2013-03-17,http://en.wikipedia.org/wiki/2013_Australian_Grand_Prix
233,2013,2,sepang,2.76083,101.738,Malaysia,2013-03-24,http://en.wikipedia.org/wiki/2013_Malaysian_Grand_Prix
234,2013,3,shanghai,31.3389,121.22,China,2013-04-14,http://en.wikipedia.org/wiki/2013_Chinese_Grand_Prix
235,2013,4,bahrain,26.0325,50.5106,Bahrain,2013-04-21,http://en.wikipedia.org/wiki/2013_Bahrain_Grand_Prix
236,2013,5,catalunya,41.57,2.26111,Spain,2013-05-12,http://en.wikipedia.org/wiki/2013_Spanish_Grand_Prix
237,2013,6,monaco,43.7347,7.42056,Monaco,2013-05-26,http://en.wikipedia.org/wiki/2013_Monaco_Grand_Prix
238,2013,7,villeneuve,45.5,-73.5228,Canada,2013-06-09,http://en.wikipedia.org/wiki/2013_Canadian_Grand_Prix
239,2013,8,silverstone,52.0786,-1.01694,UK,2013-06-30,http://en.wikipedia.org/wiki/2013_British_Grand_Prix
240,2013,9,nurburgring,50.3356,6.9475,Germany,2013-07-07,http://en.wikipedia.org/wiki/2013_German_Grand_Prix
241,2013,10,hungaroring,47.5789,19.2486,Hungary,2013-07-28,http://en.wikipedia.org/wiki/2013_Hungarian_Grand_Prix
242,2013,11,spa,50.4372,5.97139,Belgium,2013-08-25,http://en.wikipedia.org/wiki/2013_Belgian_Grand_Prix
243,2013,12,monza,45.6156,9.28111,Italy,2013-09-08,http://en.wikipedia.org/wiki/2013_Italian_Grand_Prix
244,2013,13,marina_bay,1.2914,103.864,Singapore,2013-09-22,http://en.wikipedia.org/wiki/2013_Singapore_Grand_Prix
245,2013,14,yeongam,34.7333,126.417,Korea,2013-10-06,http://en.wikipedia.org/wiki/2013_Korean_Grand_Prix
246,2013,15,suzuka,34.8431,136.541,Japan,2013-10-13,http://en.wikipedia.org/wiki/2013_Japanese_Grand_Prix
247,2013,16,buddh,28.3487,77.5331,India,2013-10-27,http://en.wikipedia.org/wiki/2013_Indian_Grand_Prix
248,2013,17,yas_marina,24.4672,54.6031,UAE,2013-11-03,http://en.wikipedia.org/wiki/2013_Abu_Dhabi_Grand_Prix
249,2013,18,americas,30.1328,-97.6411,USA,2013-11-17,http://en.wikipedia.org/wiki/2013_United_States_Grand_Prix
250,2013,19,interlagos,-23.7036,-46.6997,Brazil,2013-11-24,http://en.wikipedia.org/wiki/2013_Brazilian_Grand_Prix
251,2014,1,albert_park,-37.8497,144.968,Australia,2014-03-16,http://en.wikipedia.org/wiki/2014_Australian_Grand_Prix
252,2014,2,sepang,2.76083,101.738,Malaysia,2014-03-30,http://en.wikipedia.org/wiki/2014_Malaysian_Grand_Prix
253,2014,3,bahrain,26.0325,50.5106,Bahrain,2014-04-06,http://en.wikipedia.org/wiki/2014_Bahrain_Grand_Prix
254,2014,4,shanghai,31.3389,121.22,China,2014-04-20,http://en.wikipedia.org/wiki/2014_Chinese_Grand_Prix
255,2014,5,catalunya,41.57,2.26111,Spain,2014-05-11,http://en.wikipedia.org/wiki/2014_Spanish_Grand_Prix
256,2014,6,monaco,43.7347,7.42056,Monaco,2014-05-25,http://en.wikipedia.org/wiki/2014_Monaco_Grand_Prix
257,2014,7,villeneuve,45.5,-73.5228,Canada,2014-06-08,http://en.wikipedia.org/wiki/2014_Canadian_Grand_Prix
258,2014,8,red_bull_ring,47.2197,14.7647,Austria,2014-06-22,http://en.wikipedia.org/wiki/2014_Austrian_Grand_Prix
259,2014,9,silverstone,52.0786,-1.01694,UK,2014-07-06,http://en.wikipedia.org/wiki/2014_British_Grand_Prix
260,2014,10,hockenheimring,49.3278,8.56583,Germany,2014-07-20,http://en.wikipedia.org/wiki/2014_German_Grand_Prix
261,2014,11,hungaroring,47.5789,19.2486,Hungary,2014-07-27,http://en.wikipedia.org/wiki/2014_Hungarian_Grand_Prix
262,2014,12,spa,50.4372,5.97139,Belgium,2014-08-24,http://en.wikipedia.org/wiki/2014_Belgian_Grand_Prix
263,2014,13,monza,45.6156,9.28111,Italy,2014-09-07,http://en.wikipedia.org/wiki/2014_Italian_Grand_Prix
264,2014,14,marina_bay,1.2914,103.864,Singapore,2014-09-21,http://en.wikipedia.org/wiki/2014_Singapore_Grand_Prix
265,2014,15,suzuka,34.8431,136.541,Japan,2014-10-05,http://en.wikipedia.org/wiki/2014_Japanese_Grand_Prix
266,2014,16,sochi,43.4057,39.9578,Russia,2014-10-12,http://en.wikipedia.org/wiki/2014_Russian_Grand_Prix
267,2014,17,americas,30.1328,-97.6411,USA,2014-11-02,http://en.wikipedia.org/wiki/2014_United_States_Grand_Prix
268,2014,18,interlagos,-23.7036,-46.6997,Brazil,2014-11-09,http://en.wikipedia.org/wiki/2014_Brazilian_Grand_Prix
269,2014,19,yas_marina,24.4672,54.6031,UAE,2014-11-23,http://en.wikipedia.org/wiki/2014_Abu_Dhabi_Grand_Prix
270,2015,1,albert_park,-37.8497,144.968,Australia,2015-03-15,http://en.wikipedia.org/wiki/2015_Australian_Grand_Prix
271,2015,2,sepang,2.76083,101.738,Malaysia,2015-03-29,http://en.wikipedia.org/wiki/2015_Malaysian_Grand_Prix
272,2015,3,shanghai,31.3389,121.22,China,2015-04-12,http://en.wikipedia.org/wiki/2015_Chinese_Grand_Prix
273,2015,4,bahrain,26.0325,50.5106,Bahrain,2015-04-19,http://en.wikipedia.org/wiki/2015_Bahrain_Grand_Prix
274,2015,5,catalunya,41.57,2.26111,Spain,2015-05-10,http://en.wikipedia.org/wiki/2015_Spanish_Grand_Prix
275,2015,6,monaco,43.7347,7.42056,Monaco,2015-05-24,http://en.wikipedia.org/wiki/2015_Monaco_Grand_Prix
276,2015,7,villeneuve,45.5,-73.5228,Canada,2015-06-07,http://en.wikipedia.org/wiki/2015_Canadian_Grand_Prix
277,2015,8,red_bull_ring,47.2197,14.7647,Austria,2015-06-21,http://en.wikipedia.org/wiki/2015_Austrian_Grand_Prix
278,2015,9,silverstone,52.0786,-1.01694,UK,2015-07-05,http://en.wikipedia.org/wiki/2015_British_Grand_Prix
279,2015,10,hungaroring,47.5789,19.2486,Hungary,2015-07-26,http://en.wikipedia.org/wiki/2015_Hungarian_Grand_Prix
280,2015,11,spa,50.4372,5.97139,Belgium,2015-08-23,http://en.wikipedia.org/wiki/2015_Belgian_Grand_Prix
281,2015,12,monza,45.6156,9.28111,Italy,2015-09-06,http://en.wikipedia.org/wiki/2015_Italian_Grand_Prix
282,2015,13,marina_bay,1.2914,103.864,Singapore,2015-09-20,http://en.wikipedia.org/wiki/2015_Singapore_Grand_Prix
283,2015,14,suzuka,34.8431,136.541,Japan,2015-09-27,http://en.wikipedia.org/wiki/2015_Japanese_Grand_Prix
284,2015,15,sochi,43.4057,39.9578,Russia,2015-10-11,http://en.wikipedia.org/wiki/2015_Russian_Grand_Prix
285,2015,16,americas,30.1328,-97.6411,USA,2015-10-25,http://en.wikipedia.org/wiki/2015_United_States_Grand_Prix
286,2015,17,rodriguez,19.4042,-99.0907,Mexico,2015-11-01,http://en.wikipedia.org/wiki/2015_Mexican_Grand_Prix
287,2015,18,interlagos,-23.7036,-46.6997,Brazil,2015-11-15,http://en.wikipedia.org/wiki/2015_Brazilian_Grand_Prix
288,2015,19,yas_marina,24.4672,54.6031,UAE,2015-11-29,http://en.wikipedia.org/wiki/2015_Abu_Dhabi_Grand_Prix
289,2016,1,albert_park,-37.8497,144.968,Australia,2016-03-20,http://en.wikipedia.org/wiki/2016_Australian_Grand_Prix
290,2016,2,bahrain,26.0325,50.5106,Bahrain,2016-04-03,http://en.wikipedia.org/wiki/2016_Bahrain_Grand_Prix
291,2016,3,shanghai,31.3389,121.22,China,2016-04-17,http://en.wikipedia.org/wiki/2016_Chinese_Grand_Prix
292,2016,4,sochi,43.4057,39.9578,Russia,2016-05-01,http://en.wikipedia.org/wiki/2016_Russian_Grand_Prix
293,2016,5,catalunya,41.57,2.26111,Spain,2016-05-15,http://en.wikipedia.org/wiki/2016_Spanish_Grand_Prix
294,2016,6,monaco,43.7347,7.42056,Monaco,2016-05-29,http://en.wikipedia.org/wiki/2016_Monaco_Grand_Prix
295,2016,7,villeneuve,45.5,-73.5228,Canada,2016-06-12,http://en.wikipedia.org/wiki/2016_Canadian_Grand_Prix
296,2016,8,BAK,40.3725,49.8533,Azerbaijan,2016-06-19,http://en.wikipedia.org/wiki/2016_European_Grand_Prix
297,2016,9,red_bull_ring,47.2197,14.7647,Austria,2016-07-03,http://en.wikipedia.org/wiki/2016_Austrian_Grand_Prix
298,2016,10,silverstone,52.0786,-1.01694,UK,2016-07-10,http://en.wikipedia.org/wiki/2016_British_Grand_Prix
299,2016,11,hungaroring,47.5789,19.2486,Hungary,2016-07-24,http://en.wikipedia.org/wiki/2016_Hungarian_Grand_Prix
300,2016,12,hockenheimring,49.3278,8.56583,Germany,2016-07-31,http://en.wikipedia.org/wiki/2016_German_Grand_Prix
301,2016,13,spa,50.4372,5.97139,Belgium,2016-08-28,http://en.wikipedia.org/wiki/2016_Belgian_Grand_Prix
302,2016,14,monza,45.6156,9.28111,Italy,2016-09-04,http://en.wikipedia.org/wiki/2016_Italian_Grand_Prix
303,2016,15,marina_bay,1.2914,103.864,Singapore,2016-09-18,http://en.wikipedia.org/wiki/2016_Singapore_Grand_Prix
304,2016,16,sepang,2.76083,101.738,Malaysia,2016-10-02,http://en.wikipedia.org/wiki/2016_Malaysian_Grand_Prix
305,2016,17,suzuka,34.8431,136.541,Japan,2016-10-09,http://en.wikipedia.org/wiki/2016_Japanese_Grand_Prix
306,2016,18,americas,30.1328,-97.6411,USA,2016-10-23,http://en.wikipedia.org/wiki/2016_United_States_Grand_Prix
307,2016,19,rodriguez,19.4042,-99.0907,Mexico,2016-10-30,http://en.wikipedia.org/wiki/2016_Mexican_Grand_Prix
308,2016,20,interlagos,-23.7036,-46.6997,Brazil,2016-11-13,http://en.wikipedia.org/wiki/2016_Brazilian_Grand_Prix
309,2016,21,yas_marina,24.4672,54.6031,UAE,2016-11-27,http://en.wikipedia.org/wiki/2016_Abu_Dhabi_Grand_Prix
310,2017,1,albert_park,-37.8497,144.968,Australia,2017-03-26,http://en.wikipedia.org/wiki/2017_Australian_Grand_Prix
311,2017,2,shanghai,31.3389,121.22,China,2017-04-09,http://en.wikipedia.org/wiki/2017_Chinese_Grand_Prix
312,2017,3,bahrain,26.0325,50.5106,Bahrain,2017-04-16,http://en.wikipedia.org/wiki/2017_Bahrain_Grand_Prix
313,2017,4,sochi,43.4057,39.9578,Russia,2017-04-30,http://en.wikipedia.org/wiki/2017_Russian_Grand_Prix
314,2017,5,catalunya,41.57,2.26111,Spain,2017-05-14,http://en.wikipedia.org/wiki/2017_Spanish_Grand_Prix
315,2017,6,monaco,43.7347,7.42056,Monaco,2017-05-28,http://en.wikipedia.org/wiki/2017_Monaco_Grand_Prix
316,2017,7,villeneuve,45.5,-73.5228,Canada,2017-06-11,http://en.wikipedia.org/wiki/2017_Canadian_Grand_Prix
317,2017,8,BAK,40.3725,49.8533,Azerbaijan,2017-06-25,http://en.wikipedia.org/wiki/2017_Azerbaijan_Grand_Prix
318,2017,9,red_bull_ring,47.2197,14.7647,Austria,2017-07-09,http://en.wikipedia.org/wiki/2017_Austrian_Grand_Prix
319,2017,10,silverstone,52.0786,-1.01694,UK,2017-07-16,http://en.wikipedia.org/wiki/2017_British_Grand_Prix
320,2017,11,hungaroring,47.5789,19.2486,Hungary,2017-07-30,http://en.wikipedia.org/wiki/2017_Hungarian_Grand_Prix
321,2017,12,spa,50.4372,5.97139,Belgium,2017-08-27,http://en.wikipedia.org/wiki/2017_Belgian_Grand_Prix
322,2017,13,monza,45.6156,9.28111,Italy,2017-09-03,http://en.wikipedia.org/wiki/2017_Italian_Grand_Prix
323,2017,14,marina_bay,1.2914,103.864,Singapore,2017-09-17,http://en.wikipedia.org/wiki/2017_Singapore_Grand_Prix
324,2017,15,sepang,2.76083,101.738,Malaysia,2017-10-01,http://en.wikipedia.org/wiki/2017_Malaysian_Grand_Prix
325,2017,16,suzuka,34.8431,136.541,Japan,2017-10-08,http://en.wikipedia.org/wiki/2017_Japanese_Grand_Prix
326,2017,17,americas,30.1328,-97.6411,USA,2017-10-22,http://en.wikipedia.org/wiki/2017_United_States_Grand_Prix
327,2017,18,rodriguez,19.4042,-99.0907,Mexico,2017-10-29,http://en.wikipedia.org/wiki/2017_Mexican_Grand_Prix
328,2017,19,interlagos,-23.7036,-46.6997,Brazil,2017-11-12,http://en.wikipedia.org/wiki/2017_Brazilian_Grand_Prix
329,2017,20,yas_marina,24.4672,54.6031,UAE,2017-11-26,http://en.wikipedia.org/wiki/2017_Abu_Dhabi_Grand_Prix
330,2018,1,albert_park,-37.8497,144.968,Australia,2018-03-25,http://en.wikipedia.org/wiki/2018_Australian_Grand_Prix
331,2018,2,bahrain,26.0325,50.5106,Bahrain,2018-04-08,http://en.wikipedia.org/wiki/2018_Bahrain_Grand_Prix
332,2018,3,shanghai,31.3389,121.22,China,2018-04-15,http://en.wikipedia.org/wiki/2018_Chinese_Grand_Prix
333,2018,4,BAK,40.3725,49.8533,Azerbaijan,2018-04-29,http://en.wikipedia.org/wiki/2018_Azerbaijan_Grand_Prix
334,2018,5,catalunya,41.57,2.26111,Spain,2018-05-13,http://en.wikipedia.org/wiki/2018_Spanish_Grand_Prix
335,2018,6,monaco,43.7347,7.42056,Monaco,2018-05-27,http://en.wikipedia.org/wiki/2018_Monaco_Grand_Prix
336,2018,7,villeneuve,45.5,-73.5228,Canada,2018-06-10,http://en.wikipedia.org/wiki/2018_Canadian_Grand_Prix
337,2018,8,ricard,43.2506,5.79167,France,2018-06-24,http://en.wikipedia.org/wiki/2018_French_Grand_Prix
338,2018,9,red_bull_ring,47.2197,14.7647,Austria,2018-07-01,http://en.wikipedia.org/wiki/2018_Austrian_Grand_Prix
339,2018,10,silverstone,52.0786,-1.01694,UK,2018-07-08,http://en.wikipedia.org/wiki/2018_British_Grand_Prix
340,2018,11,hockenheimring,49.3278,8.56583,Germany,2018-07-22,http://en.wikipedia.org/wiki/2018_German_Grand_Prix
341,2018,12,hungaroring,47.5789,19.2486,Hungary,2018-07-29,http://en.wikipedia.org/wiki/2018_Hungarian_Grand_Prix
342,2018,13,spa,50.4372,5.97139,Belgium,2018-08-26,http://en.wikipedia.org/wiki/2018_Belgian_Grand_Prix
343,2018,14,monza,45.6156,9.28111,Italy,2018-09-02,http://en.wikipedia.org/wiki/2018_Italian_Grand_Prix
344,2018,15,marina_bay,1.2914,103.864,Singapore,2018-09-16,http://en.wikipedia.org/wiki/2018_Singapore_Grand_Prix
345,2018,16,sochi,43.4057,39.9578,Russia,2018-09-30,http://en.wikipedia.org/wiki/2018_Russian_Grand_Prix
346,2018,17,suzuka,34.8431,136.541,Japan,2018-10-07,http://en.wikipedia.org/wiki/2018_Japanese_Grand_Prix
347,2018,18,americas,30.1328,-97.6411,USA,2018-10-21,http://en.wikipedia.org/wiki/2018_United_States_Grand_Prix
348,2018,19,rodriguez,19.4042,-99.0907,Mexico,2018-10-28,http://en.wikipedia.org/wiki/2018_Mexican_Grand_Prix
349,2018,20,interlagos,-23.7036,-46.6997,Brazil,2018-11-11,http://en.wikipedia.org/wiki/2018_Brazilian_Grand_Prix
350,2018,21,yas_marina,24.4672,54.6031,UAE,2018-11-25,http://en.wikipedia.org/wiki/2018_Abu_Dhabi_Grand_Prix
351,2019,1,albert_park,-37.8497,144.968,Australia,2019-03-17,http://en.wikipedia.org/wiki/2019_Australian_Grand_Prix
352,2019,2,bahrain,26.0325,50.5106,Bahrain,2019-03-31,http://en.wikipedia.org/wiki/2019_Bahrain_Grand_Prix
353,2019,3,shanghai,31.3389,121.22,China,2019-04-14,http://en.wikipedia.org/wiki/2019_Chinese_Grand_Prix
354,2019,4,BAK,40.3725,49.8533,Azerbaijan,2019-04-28,http://en.wikipedia.org/wiki/2019_Azerbaijan_Grand_Prix
355,2019,5,catalunya,41.57,2.26111,Spain,2019-05-12,http://en.wikipedia.org/wiki/2019_Spanish_Grand_Prix
356,2019,6,monaco,43.7347,7.42056,Monaco,2019-05-26,http://en.wikipedia.org/wiki/2019_Monaco_Grand_Prix
357,2019,7,villeneuve,45.5,-73.5228,Canada,2019-06-09,http://en.wikipedia.org/wiki/2019_Canadian_Grand_Prix
358,2019,8,ricard,43.2506,5.79167,France,2019-06-23,http://en.wikipedia.org/wiki/2019_French_Grand_Prix
359,2019,9,red_bull_ring,47.2197,14.7647,Austria,2019-06-30,http://en.wikipedia.org/wiki/2019_Austrian_Grand_Prix
360,2019,10,silverstone,52.0786,-1.01694,UK,2019-07-14,http://en.wikipedia.org/wiki/2019_British_Grand_Prix
361,2019,11,hockenheimring,49.3278,8.56583,Germany,2019-07-28,http://en.wikipedia.org/wiki/2019_German_Grand_Prix
362,2019,12,hungaroring,47.5789,19.2486,Hungary,2019-08-04,http://en.wikipedia.org/wiki/2019_Hungarian_Grand_Prix
363,2019,13,spa,50.4372,5.97139,Belgium,2019-09-01,http://en.wikipedia.org/wiki/2019_Belgian_Grand_Prix
364,2019,14,monza,45.6156,9.28111,Italy,2019-09-08,http://en.wikipedia.org/wiki/2019_Italian_Grand_Prix
365,2019,15,marina_bay,1.2914,103.864,Singapore,2019-09-22,http://en.wikipedia.org/wiki/2019_Singapore_Grand_Prix
366,2019,16,sochi,43.4057,39.9578,Russia,2019-09-29,http://en.wikipedia.org/wiki/2019_Russian_Grand_Prix
367,2019,17,suzuka,34.8431,136.541,Japan,2019-10-13,http://en.wikipedia.org/wiki/2019_Japanese_Grand_Prix
368,2019,18,rodriguez,19.4042,-99.0907,Mexico,2019-10-27,http://en.wikipedia.org/wiki/2019_Mexican_Grand_Prix
369,2019,19,americas,30.1328,-97.6411,USA,2019-11-03,http://en.wikipedia.org/wiki/2019_United_States_Grand_Prix
370,2019,20,interlagos,-23.7036,-46.6997,Brazil,2019-11-17,http://en.wikipedia.org/wiki/2019_Brazilian_Grand_Prix
371,2019,21,yas_marina,24.4672,54.6031,UAE,2019-12-01,http://en.wikipedia.org/wiki/2019_Abu_Dhabi_Grand_Prix
372,2020,1,red_bull_ring,47.2197,14.7647,Austria,2020-07-05,http://en.wikipedia.org/wiki/2020_Austrian_Grand_Prix
373,2020,2,red_bull_ring,47.2197,14.7647,Austria,2020-07-12,http://en.wikipedia.org/wiki/2020_Styrian_Grand_Prix
374,2020,3,hungaroring,47.5789,19.2486,Hungary,2020-07-19,http://en.wikipedia.org/wiki/2020_Hungarian_Grand_Prix
375,2020,4,silverstone,52.0786,-1.01694,UK,2020-08-02,http://en.wikipedia.org/wiki/2020_British_Grand_Prix
376,2020,5,silverstone,52.0786,-1.01694,UK,2020-08-09,http://en.wikipedia.org/wiki/70th_Anniversary_Grand_Prix
377,2020,6,catalunya,41.57,2.26111,Spain,2020-08-16,http://en.wikipedia.org/wiki/2020_Spanish_Grand_Prix
378,2020,7,spa,50.4372,5.97139,Belgium,2020-08-30,http://en.wikipedia.org/wiki/2020_Belgian_Grand_Prix
379,2020,8,monza,45.6156,9.28111,Italy,2020-09-06,http://en.wikipedia.org/wiki/2020_Italian_Grand_Prix
380,2020,9,mugello,43.9975,11.3719,Italy,2020-09-13,http://en.wikipedia.org/wiki/2020_Tuscan_Grand_Prix
381,2020,10,sochi,43.4057,39.9578,Russia,2020-09-27,http://en.wikipedia.org/wiki/2020_Russian_Grand_Prix
382,2020,11,nurburgring,50.3356,6.9475,Germany,2020-10-11,http://en.wikipedia.org/wiki/2020_Eifel_Grand_Prix
383,2020,12,portimao,37.227,-8.6267,Portugal,2020-10-25,http://en.wikipedia.org/wiki/2020_Portuguese_Grand_Prix
384,2020,13,imola,44.3439,11.7167,Italy,2020-11-01,http://en.wikipedia.org/wiki/2020_Emilia_Romagna_Grand_Prix
385,2020,14,istanbul,40.9517,29.405,Turkey,2020-11-15,http://en.wikipedia.org/wiki/2020_Turkish_Grand_Prix
386,2020,15,bahrain,26.0325,50.5106,Bahrain,2020-11-29,http://en.wikipedia.org/wiki/2020_Bahrain_Grand_Prix
387,2020,16,bahrain,26.0325,50.5106,Bahrain,2020-12-06,http://en.wikipedia.org/wiki/2020_Sakhir_Grand_Prix
388,2020,17,yas_marina,24.4672,54.6031,UAE,2020-12-13,http://en.wikipedia.org/wiki/2020_Abu_Dhabi_Grand_Prix
389,2021,1,bahrain,26.0325,50.5106,Bahrain,2021-03-28,http://en.wikipedia.org/wiki/2021_Bahrain_Grand_Prix
390,2021,2,imola,44.3439,11.7167,Italy,2021-04-18,http://en.wikipedia.org/wiki/2021_Emilia_Romagna_Grand_Prix
391,2021,3,portimao,37.227,-8.6267,Portugal,2021-05-02,http://en.wikipedia.org/wiki/2021_Portuguese_Grand_Prix
392,2021,4,catalunya,41.57,2.26111,Spain,2021-05-09,http://en.wikipedia.org/wiki/2021_Spanish_Grand_Prix
393,2021,5,monaco,43.7347,7.42056,Monaco,2021-05-23,http://en.wikipedia.org/wiki/2021_Monaco_Grand_Prix
394,2021,6,BAK,40.3725,49.8533,Azerbaijan,2021-06-06,http://en.wikipedia.org/wiki/2021_Azerbaijan_Grand_Prix
395,2021,7,ricard,43.2506,5.79167,France,2021-06-20,http://en.wikipedia.org/wiki/2021_French_Grand_Prix
396,2021,8,red_bull_ring,47.2197,14.7647,Austria,2021-06-27,http://en.wikipedia.org/wiki/2021_Styrian_Grand_Prix
397,2021,9,red_bull_ring,47.2197,14.7647,Austria,2021-07-04,http://en.wikipedia.org/wiki/2021_Austrian_Grand_Prix
398,2021,10,silverstone,52.0786,-1.01694,UK,2021-07-18,http://en.wikipedia.org/wiki/2021_British_Grand_Prix
399,2021,11,hungaroring,47.5789,19.2486,Hungary,2021-08-01,http://en.wikipedia.org/wiki/2021_Hungarian_Grand_Prix
400,2021,12,spa,50.4372,5.97139,Belgium,2021-08-29,http://en.wikipedia.org/wiki/2021_Belgian_Grand_Prix
401,2021,13,zandvoort,52.3888,4.54092,Netherlands,2021-09-05,http://en.wikipedia.org/wiki/2021_Dutch_Grand_Prix
402,2021,14,monza,45.6156,9.28111,Italy,2021-09-12,http://en.wikipedia.org/wiki/2021_Italian_Grand_Prix
403,2021,15,sochi,43.4057,39.9578,Russia,2021-09-26,http://en.wikipedia.org/wiki/2021_Russian_Grand_Prix
404,2021,16,istanbul,40.9517,29.405,Turkey,2021-10-10,http://en.wikipedia.org/wiki/2021_Turkish_Grand_Prix
405,2021,17,americas,30.1328,-97.6411,USA,2021-10-24,http://en.wikipedia.org/wiki/2021_United_States_Grand_Prix
406,2021,18,rodriguez,19.4042,-99.0907,Mexico,2021-11-07,http://en.wikipedia.org/wiki/2021_Mexican_Grand_Prix
407,2021,19,interlagos,-23.7036,-46.6997,Brazil,2021-11-14,http://en.wikipedia.org/wiki/2021_S%C3%A3o_Paulo_Grand_Prix
408,2021,20,losail,25.49,51.4542,Qatar,2021-11-21,http://en.wikipedia.org/wiki/2021_Qatar_Grand_Prix
409,2021,21,jeddah,21.6319,39.1044,Saudi Arabia,2021-12-05,http://en.wikipedia.org/wiki/2021_Saudi_Arabian_Grand_Prix
410,2021,22,yas_marina,24.4672,54.6031,UAE,2021-12-12,http://en.wikipedia.org/wiki/2021_Abu_Dhabi_Grand_Prix
